gene_name	n_enhancers	n_variants	min_distance	enhancers	variants	priority_score
Mir101c	5	7	3793	chr9:3000570-3000900,chr9:3016980-3017410,chr9:3018870-3019220,chr9:3022300-3024660,chr9:3034300-3034950	chr9:3034941:C>A,chr9:3034950:T>G,chr9:3023709:AGGT>A,chr9:3024448:C>T,chr9:3018664:TTTTCTTGCCATATTCCAGGTCCTACAGTGTGCATTTCTCATTTTTCACGTTTTTCACTGATTTTGTCATTGTTCAAGTTGTCAACTGCATGTTTCTCATTTTCCATGATTTTCAATTTTCTTGCCATATTCCATGTCCTACAGTGGAAATTTCTATATTTTCCAACTTTTTCAGTTTTCCTCGCCATATTTCACGTGCTAAAGTGTGTATTTCTCATTTTTCGTGTTTTTCAGG>T,chr9:3017092:T>C,chr9:3000888:A>G	570.2636435539151
Atp5g2	1	1	266	chr15:102581052-102582602	chr15:102581771:C>T	113.7593984962406
Tmem120b	1	1	394	chr5:123205501-123206084	chr5:123206041:T>TTTTA	112.53807106598985
Tmem125	1	1	2961	chr4:118404201-118405657	chr4:118404878:T>G,A	110.33772374197906
Myo16	1	1	31444	chr8:10235354-10235664	chr8:10235551:C>T	110.03180256964762
Chd7	1	1	34660	chr4:8725065-8726628	chr4:8725092:G>A	110.02885170225044
